{
  "project_info": {
    "project_number": "22738248302",
    "firebase_url": "https://projectpodili-default-rtdb.firebaseio.com",
    "project_id": "projectpodili",
    "storage_bucket": "projectpodili.appspot.com"
  },
  "client": [
    {
      "client_info": {
        "mobilesdk_app_id": "1:22738248302:android:047444da13ba9bb6debc7f",
        "android_client_info": {
          "package_name": "com.drugtive.podili"
        }
      },
      "oauth_client": [
        {
          "client_id": "22738248302-8b2p01ml6q3amg46rtc1rsstku7mp9il.apps.googleusercontent.com",
          "client_type": 3
        }
      ],
      "api_key": [
        {
          "current_key": "AIzaSyCFs5qCaQN45wMESRT6BcbZuPWxxyqvdI8"
        }
      ],
      "services": {
        "appinvite_service": {
          "other_platform_oauth_client": [
            {
              "client_id": "22738248302-8b2p01ml6q3amg46rtc1rsstku7mp9il.apps.googleusercontent.com",
              "client_type": 3
            }
          ]
        }
      }
    },
    {
      "client_info": {
        "mobilesdk_app_id": "1:22738248302:android:b91474f092407d03debc7f",
        "android_client_info": {
          "package_name": "com.muhammadali.eshop"
        }
      },
      "oauth_client": [
        {
          "client_id": "22738248302-8b2p01ml6q3amg46rtc1rsstku7mp9il.apps.googleusercontent.com",
          "client_type": 3
        }
      ],
      "api_key": [
        {
          "current_key": "AIzaSyCFs5qCaQN45wMESRT6BcbZuPWxxyqvdI8"
        }
      ],
      "services": {
        "appinvite_service": {
          "other_platform_oauth_client": [
            {
              "client_id": "22738248302-8b2p01ml6q3amg46rtc1rsstku7mp9il.apps.googleusercontent.com",
              "client_type": 3
            }
          ]
        }
      }
    }
  ],
  "configuration_version": "1"
}